participant_id,app_fullname,date,start_timestamp,end_timestamp,starttime,endtime,day,weekdayMF,weekdayMTh,weekdaySTh,hour,quarter,duration_seconds,engage_60s,engage_300s,switch_app,duration_minutes
DrZevia_subset,com.android.settings,2018-07-31,2018-07-31 17:24:09.329000-07:00,2018-07-31 17:24:12.637000-07:00,17:24:09.329000,17:24:12.637000,3,1,1,1,17,2,3,1,1,1,0.05
DrZevia_subset,com.android.settings,2018-07-31,2018-07-31 17:24:12.641000-07:00,2018-07-31 17:24:14.212000-07:00,17:24:12.641000,17:24:14.212000,3,1,1,1,17,2,1,0,0,0,0.016666666666666666
DrZevia_subset,com.android.settings,2018-07-31,2018-07-31 17:24:14.219000-07:00,2018-07-31 17:24:15.569000-07:00,17:24:14.219000,17:24:15.569000,3,1,1,1,17,2,1,0,0,0,0.016666666666666666
DrZevia_subset,com.android.settings,2018-07-31,2018-07-31 17:24:15.573000-07:00,2018-07-31 17:24:17.615000-07:00,17:24:15.573000,17:24:17.615000,3,1,1,1,17,2,2,0,0,0,0.03333333333333333
DrZevia_subset,com.android.settings,2018-07-31,2018-07-31 17:24:17.623000-07:00,2018-07-31 17:24:53.077000-07:00,17:24:17.623000,17:24:53.077000,3,1,1,1,17,2,35,0,0,0,0.5833333333333334
DrZevia_subset,com.android.settings,2018-07-31,2018-07-31 17:24:53.086000-07:00,2018-07-31 17:24:55.633000-07:00,17:24:53.086000,17:24:55.633000,3,1,1,1,17,2,2,0,0,0,0.03333333333333333
DrZevia_subset,com.android.settings,2018-07-31,2018-07-31 17:24:55.641000-07:00,2018-07-31 17:24:57.704000-07:00,17:24:55.641000,17:24:57.704000,3,1,1,1,17,2,2,0,0,0,0.03333333333333333
DrZevia_subset,com.android.settings,2018-07-31,2018-07-31 17:24:57.710000-07:00,2018-07-31 17:25:00.179000-07:00,17:24:57.710000,17:25:00.179000,3,1,1,1,17,2,2,0,0,0,0.03333333333333333
DrZevia_subset,com.Slack,2018-07-31,2018-07-31 19:31:41.899000-07:00,2018-07-31 19:31:47.879000-07:00,19:31:41.899000,19:31:47.879000,3,1,1,1,19,3,5,1,1,1,0.08333333333333333
DrZevia_subset,com.facebook.orca,2018-07-31,2018-07-31 20:02:50.540000-07:00,2018-07-31 20:03:04.510000-07:00,20:02:50.540000,20:03:04.510000,3,1,1,1,20,1,13,1,1,1,0.21666666666666667
DrZevia_subset,com.android.chrome,2018-07-31,2018-07-31 20:49:13.578000-07:00,2018-07-31 20:49:14.916000-07:00,20:49:13.578000,20:49:14.916000,3,1,1,1,20,4,1,1,1,1,0.016666666666666666
DrZevia_subset,com.android.chrome,2018-07-31,2018-07-31 22:39:41.686000-07:00,2018-07-31 22:40:06.849000-07:00,22:39:41.686000,22:40:06.849000,3,1,1,1,22,3,25,1,1,0,0.4166666666666667
DrZevia_subset,com.android.chrome,2018-07-31,2018-07-31 22:41:38.438000-07:00,2018-07-31 22:41:48.639000-07:00,22:41:38.438000,22:41:48.639000,3,1,1,1,22,3,10,1,0,0,0.16666666666666666
DrZevia_subset,com.android.chrome,2018-07-31,2018-07-31 23:31:59.529000-07:00,2018-07-31 23:32:02.810000-07:00,23:31:59.529000,23:32:02.810000,3,1,1,1,23,3,3,1,1,0,0.05
DrZevia_subset,com.android.chrome,2018-07-31,2018-07-31 23:42:56.206000-07:00,2018-07-31 23:44:05.284000-07:00,23:42:56.206000,23:44:05.284000,3,1,1,1,23,3,69,1,1,0,1.15
DrZevia_subset,com.android.chrome,2018-07-31,2018-07-31 23:51:21.193000-07:00,2018-07-31 23:51:59.827000-07:00,23:51:21.193000,23:51:59.827000,3,1,1,1,23,4,38,1,1,0,0.6333333333333333
DrZevia_subset,com.android.chrome,2018-07-31,2018-07-31 23:52:10.617000-07:00,2018-07-31 23:52:30-07:00,23:52:10.617000,23:52:30.000000,3,1,1,1,23,4,19,0,0,0,0.31666666666666665
DrZevia_subset,com.android.chrome,2018-07-31,2018-07-31 23:52:30-07:00,2018-07-31 23:52:49.657000-07:00,23:52:30.000000,23:52:49.657000,3,1,1,1,23,4,19,0,0,0,0.31666666666666665
DrZevia_subset,com.android.chrome,2018-07-31,2018-07-31 23:54:23.172000-07:00,2018-08-01 00:03:00-07:00,23:54:23.172000,00:03:00.000000,3,1,1,1,23,4,516,1,0,0,8.6
DrZevia_subset,com.Slack,2018-08-02,2018-08-02 00:08:09.482000-07:00,2018-08-02 00:08:24.453000-07:00,00:08:09.482000,00:08:24.453000,5,1,1,1,0,1,14,1,1,1,0.23333333333333334
DrZevia_subset,com.twitter.android,2018-08-02,2018-08-02 07:13:58.423000-07:00,2018-08-02 07:14:00.279000-07:00,07:13:58.423000,07:14:00.279000,5,1,1,1,7,1,1,1,1,1,0.016666666666666666
DrZevia_subset,com.twitter.android,2018-08-02,2018-08-02 07:14:00.288000-07:00,2018-08-02 07:14:01.850000-07:00,07:14:00.288000,07:14:01.850000,5,1,1,1,7,1,1,0,0,0,0.016666666666666666
DrZevia_subset,com.twitter.android,2018-08-02,2018-08-02 07:14:01.859000-07:00,2018-08-02 07:14:18.430000-07:00,07:14:01.859000,07:14:18.430000,5,1,1,1,7,1,16,0,0,0,0.26666666666666666
DrZevia_subset,com.twitter.android,2018-08-02,2018-08-02 07:14:18.445000-07:00,2018-08-02 07:14:34.908000-07:00,07:14:18.445000,07:14:34.908000,5,1,1,1,7,1,16,0,0,0,0.26666666666666666
DrZevia_subset,com.twitter.android,2018-08-02,2018-08-02 07:14:34.953000-07:00,2018-08-02 07:14:44.016000-07:00,07:14:34.953000,07:14:44.016000,5,1,1,1,7,1,9,0,0,0,0.15
DrZevia_subset,com.twitter.android,2018-08-02,2018-08-02 07:14:44.025000-07:00,2018-08-02 07:14:51.021000-07:00,07:14:44.025000,07:14:51.021000,5,1,1,1,7,1,6,0,0,0,0.1
DrZevia_subset,com.android.chrome,2018-08-02,2018-08-02 08:11:07.737000-07:00,2018-08-02 08:11:10.560000-07:00,08:11:07.737000,08:11:10.560000,5,1,1,1,8,1,2,1,1,1,0.03333333333333333
DrZevia_subset,com.android.chrome,2018-08-02,2018-08-02 08:11:30.188000-07:00,2018-08-02 08:11:36.276000-07:00,08:11:30.188000,08:11:36.276000,5,1,1,1,8,1,6,0,0,0,0.1
DrZevia_subset,com.android.settings,2018-08-02,2018-08-02 08:33:37.137000-07:00,2018-08-02 08:33:38.908000-07:00,08:33:37.137000,08:33:38.908000,5,1,1,1,8,3,1,1,1,1,0.016666666666666666
DrZevia_subset,com.android.settings,2018-08-02,2018-08-02 08:33:38.914000-07:00,2018-08-02 08:33:40.034000-07:00,08:33:38.914000,08:33:40.034000,5,1,1,1,8,3,1,0,0,0,0.016666666666666666
DrZevia_subset,com.android.settings,2018-08-02,2018-08-02 08:33:40.047000-07:00,2018-08-02 08:33:43.862000-07:00,08:33:40.047000,08:33:43.862000,5,1,1,1,8,3,3,0,0,0,0.05
DrZevia_subset,com.Slack,2018-08-02,2018-08-02 08:39:43.828000-07:00,2018-08-02 08:41:12.427000-07:00,08:39:43.828000,08:41:12.427000,5,1,1,1,8,3,88,1,1,1,1.4666666666666666
DrZevia_subset,com.android.chrome,2018-08-02,2018-08-02 08:41:16.372000-07:00,2018-08-02 08:42:00-07:00,08:41:16.372000,08:42:00.000000,5,1,1,1,8,3,43,0,0,1,0.7166666666666667
DrZevia_subset,com.android.chrome,2018-08-02,2018-08-02 08:42:00-07:00,2018-08-02 08:42:50.120000-07:00,08:42:00.000000,08:42:50.120000,5,1,1,1,8,3,50,0,0,0,0.8333333333333334
DrZevia_subset,com.android.chrome,2018-08-02,2018-08-02 08:43:01.290000-07:00,2018-08-02 08:46:25.413000-07:00,08:43:01.290000,08:46:25.413000,5,1,1,1,8,3,204,0,0,0,3.4
DrZevia_subset,com.android.chrome,2018-08-02,2018-08-02 08:47:32.633000-07:00,2018-08-02 08:47:45.991000-07:00,08:47:32.633000,08:47:45.991000,5,1,1,1,8,4,13,1,0,0,0.21666666666666667
DrZevia_subset,com.android.chrome,2018-08-02,2018-08-02 08:47:46.080000-07:00,2018-08-02 08:47:47.107000-07:00,08:47:46.080000,08:47:47.107000,5,1,1,1,8,4,1,0,0,0,0.016666666666666666
DrZevia_subset,com.android.chrome,2018-08-02,2018-08-02 08:49:12.328000-07:00,2018-08-02 08:49:18.095000-07:00,08:49:12.328000,08:49:18.095000,5,1,1,1,8,4,5,1,0,0,0.08333333333333333
DrZevia_subset,com.facebook.orca,2018-08-02,2018-08-02 08:52:30-07:00,2018-08-02 08:52:48.831000-07:00,08:52:30.000000,08:52:48.831000,5,1,1,1,8,4,18,1,0,1,0.3
DrZevia_subset,com.facebook.orca,2018-08-02,2018-08-02 08:52:48.947000-07:00,2018-08-02 08:52:53.656000-07:00,08:52:48.947000,08:52:53.656000,5,1,1,1,8,4,4,0,0,0,0.06666666666666667
DrZevia_subset,com.facebook.orca,2018-08-02,2018-08-02 08:52:53.695000-07:00,2018-08-02 08:53:39.729000-07:00,08:52:53.695000,08:53:39.729000,5,1,1,1,8,4,46,0,0,0,0.7666666666666667
DrZevia_subset,com.facebook.orca,2018-08-02,2018-08-02 08:53:52.886000-07:00,2018-08-02 08:53:54.062000-07:00,08:53:52.886000,08:53:54.062000,5,1,1,1,8,4,1,0,0,0,0.016666666666666666
DrZevia_subset,com.android.chrome,2018-08-02,2018-08-02 08:55:29.574000-07:00,2018-08-02 08:55:37.332000-07:00,08:55:29.574000,08:55:37.332000,5,1,1,1,8,4,7,1,0,1,0.11666666666666667
DrZevia_subset,com.android.chrome,2018-08-02,2018-08-02 09:06:03.832000-07:00,2018-08-02 09:06:33.047000-07:00,09:06:03.832000,09:06:33.047000,5,1,1,1,9,1,29,1,1,0,0.48333333333333334
DrZevia_subset,com.android.chrome,2018-08-02,2018-08-02 09:22:51.950000-07:00,2018-08-02 09:22:53.771000-07:00,09:22:51.950000,09:22:53.771000,5,1,1,1,9,2,1,1,1,0,0.016666666666666666
DrZevia_subset,com.facebook.orca,2018-08-02,2018-08-02 09:57:23.213000-07:00,2018-08-02 09:57:33.663000-07:00,09:57:23.213000,09:57:33.663000,5,1,1,1,9,4,10,1,1,1,0.16666666666666666
DrZevia_subset,com.facebook.orca,2018-08-02,2018-08-02 09:58:58.043000-07:00,2018-08-02 09:59:58.459000-07:00,09:58:58.043000,09:59:58.459000,5,1,1,1,9,4,60,1,0,0,1.0
DrZevia_subset,com.facebook.orca,2018-08-02,2018-08-02 10:00:07.146000-07:00,2018-08-02 10:02:16.914000-07:00,10:00:07.146000,10:02:16.914000,5,1,1,1,10,1,129,0,0,0,2.15
DrZevia_subset,com.facebook.orca,2018-08-02,2018-08-02 10:04:03.469000-07:00,2018-08-02 10:05:05.686000-07:00,10:04:03.469000,10:05:05.686000,5,1,1,1,10,1,62,1,0,0,1.0333333333333334
DrZevia_subset,com.facebook.orca,2018-08-02,2018-08-02 10:10:13.456000-07:00,2018-08-02 10:10:30-07:00,10:10:13.456000,10:10:30.000000,5,1,1,1,10,1,16,1,1,0,0.26666666666666666
DrZevia_subset,com.facebook.orca,2018-08-02,2018-08-02 10:10:30-07:00,2018-08-02 10:10:35.136000-07:00,10:10:30.000000,10:10:35.136000,5,1,1,1,10,1,5,0,0,0,0.08333333333333333
DrZevia_subset,com.android.chrome,2018-08-02,2018-08-02 10:10:36.075000-07:00,2018-08-02 10:10:53.684000-07:00,10:10:36.075000,10:10:53.684000,5,1,1,1,10,1,17,0,0,1,0.2833333333333333
DrZevia_subset,com.facebook.orca,2018-08-02,2018-08-02 10:10:54.597000-07:00,2018-08-02 10:13:46.155000-07:00,10:10:54.597000,10:13:46.155000,5,1,1,1,10,1,171,0,0,1,2.85
DrZevia_subset,com.facebook.orca,2018-08-02,2018-08-02 10:15:01.263000-07:00,2018-08-02 10:15:55.303000-07:00,10:15:01.263000,10:15:55.303000,5,1,1,1,10,2,54,1,0,0,0.9
DrZevia_subset,com.android.chrome,2018-08-02,2018-08-02 10:15:57.833000-07:00,2018-08-02 10:17:12.288000-07:00,10:15:57.833000,10:17:12.288000,5,1,1,1,10,2,74,0,0,1,1.2333333333333334
DrZevia_subset,com.android.chrome,2018-08-02,2018-08-02 10:17:26.668000-07:00,2018-08-02 10:19:54.467000-07:00,10:17:26.668000,10:19:54.467000,5,1,1,1,10,2,147,0,0,0,2.45
DrZevia_subset,com.android.chrome,2018-08-02,2018-08-02 10:19:59.487000-07:00,2018-08-02 10:20:04.333000-07:00,10:19:59.487000,10:20:04.333000,5,1,1,1,10,2,4,0,0,0,0.06666666666666667
DrZevia_subset,com.android.chrome,2018-08-02,2018-08-02 10:20:24.978000-07:00,2018-08-02 10:20:36.365000-07:00,10:20:24.978000,10:20:36.365000,5,1,1,1,10,2,11,0,0,0,0.18333333333333332
DrZevia_subset,com.android.chrome,2018-08-02,2018-08-02 10:20:36.419000-07:00,2018-08-02 10:20:37.506000-07:00,10:20:36.419000,10:20:37.506000,5,1,1,1,10,2,1,0,0,0,0.016666666666666666
DrZevia_subset,com.Slack,2018-08-02,2018-08-02 13:13:16.834000-07:00,2018-08-02 13:14:08.821000-07:00,13:13:16.834000,13:14:08.821000,5,1,1,1,13,1,51,1,1,1,0.85
DrZevia_subset,com.Slack,2018-08-02,2018-08-02 13:15:12.576000-07:00,2018-08-02 13:15:14.531000-07:00,13:15:12.576000,13:15:14.531000,5,1,1,1,13,2,1,1,0,0,0.016666666666666666
DrZevia_subset,com.Slack,2018-08-02,2018-08-02 13:24:02.404000-07:00,2018-08-02 13:24:10.488000-07:00,13:24:02.404000,13:24:10.488000,5,1,1,1,13,2,8,1,1,0,0.13333333333333333
DrZevia_subset,com.facebook.orca,2018-08-02,2018-08-02 13:33:04.270000-07:00,2018-08-02 13:33:43.410000-07:00,13:33:04.270000,13:33:43.410000,5,1,1,1,13,3,39,1,1,1,0.65
DrZevia_subset,com.facebook.orca,2018-08-02,2018-08-02 13:36:23.051000-07:00,2018-08-02 13:36:38.901000-07:00,13:36:23.051000,13:36:38.901000,5,1,1,1,13,3,15,1,0,0,0.25
DrZevia_subset,com.facebook.orca,2018-08-02,2018-08-02 13:36:43.685000-07:00,2018-08-02 13:36:46.839000-07:00,13:36:43.685000,13:36:46.839000,5,1,1,1,13,3,3,0,0,0,0.05
DrZevia_subset,com.facebook.orca,2018-08-02,2018-08-02 13:41:38.781000-07:00,2018-08-02 13:41:40.349000-07:00,13:41:38.781000,13:41:40.349000,5,1,1,1,13,3,1,1,0,0,0.016666666666666666
DrZevia_subset,com.facebook.orca,2018-08-02,2018-08-02 13:52:56.702000-07:00,2018-08-02 13:52:59.104000-07:00,13:52:56.702000,13:52:59.104000,5,1,1,1,13,4,2,1,1,0,0.03333333333333333
DrZevia_subset,com.facebook.orca,2018-08-02,2018-08-02 13:52:59.117000-07:00,2018-08-02 13:53:03.430000-07:00,13:52:59.117000,13:53:03.430000,5,1,1,1,13,4,4,0,0,0,0.06666666666666667
DrZevia_subset,com.facebook.orca,2018-08-02,2018-08-02 13:53:03.449000-07:00,2018-08-02 13:53:10.768000-07:00,13:53:03.449000,13:53:10.768000,5,1,1,1,13,4,7,0,0,0,0.11666666666666667
DrZevia_subset,com.android.chrome,2018-08-02,2018-08-02 14:11:35.861000-07:00,2018-08-02 14:11:53.412000-07:00,14:11:35.861000,14:11:53.412000,5,1,1,1,14,1,17,1,1,1,0.2833333333333333
DrZevia_subset,com.android.chrome,2018-08-02,2018-08-02 14:34:51.255000-07:00,2018-08-02 14:35:45.737000-07:00,14:34:51.255000,14:35:45.737000,5,1,1,1,14,3,54,1,1,0,0.9
DrZevia_subset,com.android.chrome,2018-08-02,2018-08-02 14:35:48.555000-07:00,2018-08-02 14:42:00-07:00,14:35:48.555000,14:42:00.000000,5,1,1,1,14,3,371,0,0,0,6.183333333333334
DrZevia_subset,com.android.chrome,2018-08-02,2018-08-02 14:42:00-07:00,2018-08-02 14:48:05.747000-07:00,14:42:00.000000,14:48:05.747000,5,1,1,1,14,3,365,0,0,0,6.083333333333333
DrZevia_subset,com.facebook.orca,2018-08-02,2018-08-02 15:06:31.206000-07:00,2018-08-02 15:06:35.748000-07:00,15:06:31.206000,15:06:35.748000,5,1,1,1,15,1,4,1,1,1,0.06666666666666667
DrZevia_subset,com.facebook.orca,2018-08-02,2018-08-02 15:42:39.524000-07:00,2018-08-02 15:42:43.885000-07:00,15:42:39.524000,15:42:43.885000,5,1,1,1,15,3,4,1,1,0,0.06666666666666667
DrZevia_subset,com.facebook.orca,2018-08-02,2018-08-02 15:42:43.900000-07:00,2018-08-02 15:43:01.542000-07:00,15:42:43.900000,15:43:01.542000,5,1,1,1,15,3,17,0,0,0,0.2833333333333333
DrZevia_subset,com.facebook.orca,2018-08-02,2018-08-02 15:43:01.588000-07:00,2018-08-02 15:43:04.298000-07:00,15:43:01.588000,15:43:04.298000,5,1,1,1,15,3,2,0,0,0,0.03333333333333333
DrZevia_subset,com.facebook.orca,2018-08-02,2018-08-02 15:43:04.315000-07:00,2018-08-02 15:44:18.966000-07:00,15:43:04.315000,15:44:18.966000,5,1,1,1,15,3,74,0,0,0,1.2333333333333334
DrZevia_subset,com.facebook.orca,2018-08-02,2018-08-02 15:57:49.625000-07:00,2018-08-02 15:58:51.502000-07:00,15:57:49.625000,15:58:51.502000,5,1,1,1,15,4,61,1,1,0,1.0166666666666666
DrZevia_subset,com.facebook.orca,2018-08-02,2018-08-02 16:02:54.570000-07:00,2018-08-02 16:03:58.134000-07:00,16:02:54.570000,16:03:58.134000,5,1,1,1,16,1,63,1,0,0,1.05
DrZevia_subset,com.facebook.orca,2018-08-02,2018-08-02 16:42:27.236000-07:00,2018-08-02 16:42:32.345000-07:00,16:42:27.236000,16:42:32.345000,5,1,1,1,16,3,5,1,1,0,0.08333333333333333
DrZevia_subset,com.android.settings,2018-08-02,2018-08-02 16:42:49.585000-07:00,2018-08-02 16:42:53.084000-07:00,16:42:49.585000,16:42:53.084000,5,1,1,1,16,3,3,0,0,1,0.05
DrZevia_subset,com.android.settings,2018-08-02,2018-08-02 16:42:53.089000-07:00,2018-08-02 16:42:54.445000-07:00,16:42:53.089000,16:42:54.445000,5,1,1,1,16,3,1,0,0,0,0.016666666666666666
DrZevia_subset,com.android.settings,2018-08-02,2018-08-02 16:42:56.062000-07:00,2018-08-02 16:43:02.814000-07:00,16:42:56.062000,16:43:02.814000,5,1,1,1,16,3,6,0,0,0,0.1
DrZevia_subset,com.android.settings,2018-08-02,2018-08-02 16:43:39.259000-07:00,2018-08-02 16:43:47.656000-07:00,16:43:39.259000,16:43:47.656000,5,1,1,1,16,3,8,0,0,0,0.13333333333333333
DrZevia_subset,com.android.settings,2018-08-02,2018-08-02 16:43:47.659000-07:00,2018-08-02 16:43:51.196000-07:00,16:43:47.659000,16:43:51.196000,5,1,1,1,16,3,3,0,0,0,0.05
DrZevia_subset,com.android.settings,2018-08-02,2018-08-02 16:43:51.205000-07:00,2018-08-02 16:43:59.339000-07:00,16:43:51.205000,16:43:59.339000,5,1,1,1,16,3,8,0,0,0,0.13333333333333333
DrZevia_subset,com.android.settings,2018-08-02,2018-08-02 16:44:27.728000-07:00,2018-08-02 16:44:28.997000-07:00,16:44:27.728000,16:44:28.997000,5,1,1,1,16,3,1,0,0,0,0.016666666666666666
DrZevia_subset,com.android.chrome,2018-08-02,2018-08-02 16:44:31.550000-07:00,2018-08-02 16:52:30-07:00,16:44:31.550000,16:52:30.000000,5,1,1,1,16,3,478,0,0,1,7.966666666666667
DrZevia_subset,com.android.chrome,2018-08-02,2018-08-02 16:52:30-07:00,2018-08-02 16:56:52.420000-07:00,16:52:30.000000,16:56:52.420000,5,1,1,1,16,4,262,0,0,0,4.366666666666666
DrZevia_subset,com.android.settings,2018-08-02,2018-08-02 16:56:55.077000-07:00,2018-08-02 16:56:56.165000-07:00,16:56:55.077000,16:56:56.165000,5,1,1,1,16,4,1,0,0,1,0.016666666666666666
DrZevia_subset,com.android.settings,2018-08-02,2018-08-02 16:56:56.185000-07:00,2018-08-02 16:57:56.651000-07:00,16:56:56.185000,16:57:56.651000,5,1,1,1,16,4,60,0,0,0,1.0
DrZevia_subset,com.android.settings,2018-08-02,2018-08-02 16:59:03.127000-07:00,2018-08-02 16:59:20.541000-07:00,16:59:03.127000,16:59:20.541000,5,1,1,1,16,4,17,1,0,0,0.2833333333333333
DrZevia_subset,com.android.chrome,2018-08-02,2018-08-02 17:06:27.866000-07:00,2018-08-02 17:08:25.224000-07:00,17:06:27.866000,17:08:25.224000,5,1,1,1,17,1,117,1,1,1,1.95
DrZevia_subset,com.android.chrome,2018-08-02,2018-08-02 17:08:33.464000-07:00,2018-08-02 17:09:33.901000-07:00,17:08:33.464000,17:09:33.901000,5,1,1,1,17,1,60,0,0,0,1.0
DrZevia_subset,com.android.chrome,2018-08-02,2018-08-02 17:59:16.920000-07:00,2018-08-02 17:59:20.306000-07:00,17:59:16.920000,17:59:20.306000,5,1,1,1,17,4,3,1,1,0,0.05
DrZevia_subset,com.facebook.orca,2018-08-02,2018-08-02 17:59:22.457000-07:00,2018-08-02 17:59:50.520000-07:00,17:59:22.457000,17:59:50.520000,5,1,1,1,17,4,28,0,0,1,0.4666666666666667
DrZevia_subset,com.facebook.orca,2018-08-02,2018-08-02 18:08:55.478000-07:00,2018-08-02 18:08:57.688000-07:00,18:08:55.478000,18:08:57.688000,5,1,1,1,18,1,2,1,1,0,0.03333333333333333
DrZevia_subset,com.Slack,2018-08-02,2018-08-02 18:40:02.184000-07:00,2018-08-02 18:40:13.514000-07:00,18:40:02.184000,18:40:13.514000,5,1,1,1,18,3,11,1,1,1,0.18333333333333332
DrZevia_subset,com.android.chrome,2018-08-02,2018-08-02 19:57:50.296000-07:00,2018-08-02 19:58:06.909000-07:00,19:57:50.296000,19:58:06.909000,5,1,1,1,19,4,16,1,1,1,0.26666666666666666
DrZevia_subset,com.android.chrome,2018-08-02,2018-08-02 20:00:51.634000-07:00,2018-08-02 20:02:11.887000-07:00,20:00:51.634000,20:02:11.887000,5,1,1,1,20,1,80,1,0,0,1.3333333333333333
DrZevia_subset,com.twitter.android,2018-08-02,2018-08-02 23:41:40.211000-07:00,2018-08-02 23:41:44.337000-07:00,23:41:40.211000,23:41:44.337000,5,1,1,1,23,3,4,1,1,1,0.06666666666666667
DrZevia_subset,com.twitter.android,2018-08-02,2018-08-02 23:41:44.351000-07:00,2018-08-02 23:41:49.365000-07:00,23:41:44.351000,23:41:49.365000,5,1,1,1,23,3,5,0,0,0,0.08333333333333333
DrZevia_subset,com.twitter.android,2018-08-03,2018-08-03 00:19:26.506000-07:00,2018-08-03 00:19:44.320000-07:00,00:19:26.506000,00:19:44.320000,6,1,0,0,0,2,17,1,1,0,0.2833333333333333
DrZevia_subset,com.facebook.katana,2018-08-03,2018-08-03 00:25:05.285000-07:00,2018-08-03 00:25:09.273000-07:00,00:25:05.285000,00:25:09.273000,6,1,0,0,0,2,3,1,1,1,0.05
DrZevia_subset,com.facebook.katana,2018-08-03,2018-08-03 00:25:09.295000-07:00,2018-08-03 00:25:11.683000-07:00,00:25:09.295000,00:25:11.683000,6,1,0,0,0,2,2,0,0,0,0.03333333333333333
DrZevia_subset,com.facebook.katana,2018-08-03,2018-08-03 00:25:11.701000-07:00,2018-08-03 00:25:23.384000-07:00,00:25:11.701000,00:25:23.384000,6,1,0,0,0,2,11,0,0,0,0.18333333333333332
DrZevia_subset,com.facebook.katana,2018-08-03,2018-08-03 00:25:23.392000-07:00,2018-08-03 00:25:47.192000-07:00,00:25:23.392000,00:25:47.192000,6,1,0,0,0,2,23,0,0,0,0.38333333333333336
DrZevia_subset,com.facebook.katana,2018-08-03,2018-08-03 00:25:47.207000-07:00,2018-08-03 00:25:49.301000-07:00,00:25:47.207000,00:25:49.301000,6,1,0,0,0,2,2,0,0,0,0.03333333333333333
DrZevia_subset,com.facebook.orca,2018-08-03,2018-08-03 17:07:46.687000-07:00,2018-08-03 17:08:59.932000-07:00,17:07:46.687000,17:08:59.932000,6,1,0,0,17,1,73,1,1,1,1.2166666666666666
DrZevia_subset,com.facebook.orca,2018-08-03,2018-08-03 17:11:31.076000-07:00,2018-08-03 17:11:39.308000-07:00,17:11:31.076000,17:11:39.308000,6,1,0,0,17,1,8,1,0,0,0.13333333333333333
DrZevia_subset,com.Slack,2018-08-03,2018-08-03 17:13:25.144000-07:00,2018-08-03 17:14:18.950000-07:00,17:13:25.144000,17:14:18.950000,6,1,0,0,17,1,53,1,0,1,0.8833333333333333
DrZevia_subset,com.Slack,2018-08-03,2018-08-03 17:14:49.449000-07:00,2018-08-03 17:14:56.349000-07:00,17:14:49.449000,17:14:56.349000,6,1,0,0,17,1,6,0,0,0,0.1
DrZevia_subset,com.Slack,2018-08-03,2018-08-03 17:17:19.369000-07:00,2018-08-03 17:17:39.081000-07:00,17:17:19.369000,17:17:39.081000,6,1,0,0,17,2,19,1,0,0,0.31666666666666665
DrZevia_subset,com.Slack,2018-08-03,2018-08-03 17:17:40.275000-07:00,2018-08-03 17:18:06.485000-07:00,17:17:40.275000,17:18:06.485000,6,1,0,0,17,2,26,0,0,0,0.43333333333333335
DrZevia_subset,com.Slack,2018-08-03,2018-08-03 17:26:41.467000-07:00,2018-08-03 17:27:16.839000-07:00,17:26:41.467000,17:27:16.839000,6,1,0,0,17,2,35,1,1,0,0.5833333333333334
DrZevia_subset,com.facebook.orca,2018-08-03,2018-08-03 17:29:49.714000-07:00,2018-08-03 17:30:04.662000-07:00,17:29:49.714000,17:30:04.662000,6,1,0,0,17,2,14,1,0,1,0.23333333333333334
DrZevia_subset,com.Slack,2018-08-03,2018-08-03 17:30:38.348000-07:00,2018-08-03 17:30:45.328000-07:00,17:30:38.348000,17:30:45.328000,6,1,0,0,17,3,6,0,0,1,0.1
DrZevia_subset,com.Slack,2018-08-03,2018-08-03 17:30:49.598000-07:00,2018-08-03 17:30:57.294000-07:00,17:30:49.598000,17:30:57.294000,6,1,0,0,17,3,7,0,0,0,0.11666666666666667
DrZevia_subset,com.Slack,2018-08-03,2018-08-03 17:38:30.614000-07:00,2018-08-03 17:38:48.699000-07:00,17:38:30.614000,17:38:48.699000,6,1,0,0,17,3,18,1,1,0,0.3
DrZevia_subset,com.Slack,2018-08-03,2018-08-03 17:41:30.475000-07:00,2018-08-03 17:41:33.344000-07:00,17:41:30.475000,17:41:33.344000,6,1,0,0,17,3,2,1,0,0,0.03333333333333333
DrZevia_subset,com.Slack,2018-08-03,2018-08-03 17:41:49.579000-07:00,2018-08-03 17:42:00-07:00,17:41:49.579000,17:42:00.000000,6,1,0,0,17,3,10,0,0,0,0.16666666666666666
DrZevia_subset,com.Slack,2018-08-03,2018-08-03 17:42:00-07:00,2018-08-03 17:42:39.834000-07:00,17:42:00.000000,17:42:39.834000,6,1,0,0,17,3,39,0,0,0,0.65
DrZevia_subset,com.Slack,2018-08-03,2018-08-03 17:47:53.798000-07:00,2018-08-03 17:47:55.384000-07:00,17:47:53.798000,17:47:55.384000,6,1,0,0,17,4,1,1,1,0,0.016666666666666666
DrZevia_subset,com.facebook.orca,2018-08-03,2018-08-03 18:54:20.572000-07:00,2018-08-03 18:54:40.219000-07:00,18:54:20.572000,18:54:40.219000,6,1,0,0,18,4,19,1,1,1,0.31666666666666665
DrZevia_subset,com.android.chrome,2018-08-03,2018-08-03 19:06:33.711000-07:00,2018-08-03 19:08:09.934000-07:00,19:06:33.711000,19:08:09.934000,6,1,0,0,19,1,96,1,1,1,1.6
DrZevia_subset,com.android.settings,2018-08-03,2018-08-03 19:34:58.899000-07:00,2018-08-03 19:34:59.908000-07:00,19:34:58.899000,19:34:59.908000,6,1,0,0,19,3,1,1,1,1,0.016666666666666666
DrZevia_subset,com.android.settings,2018-08-03,2018-08-03 19:34:59.916000-07:00,2018-08-03 19:35:19.612000-07:00,19:34:59.916000,19:35:19.612000,6,1,0,0,19,3,19,0,0,0,0.31666666666666665
DrZevia_subset,com.Slack,2018-08-03,2018-08-03 21:11:53.036000-07:00,2018-08-03 21:12:01.731000-07:00,21:11:53.036000,21:12:01.731000,6,1,0,0,21,1,8,1,1,1,0.13333333333333333
DrZevia_subset,com.facebook.orca,2018-08-03,2018-08-03 23:37:32.685000-07:00,2018-08-03 23:37:33.877000-07:00,23:37:32.685000,23:37:33.877000,6,1,0,0,23,3,1,1,1,1,0.016666666666666666
DrZevia_subset,com.android.chrome,2018-08-04,2018-08-04 00:17:00.686000-07:00,2018-08-04 00:17:27.736000-07:00,00:17:00.686000,00:17:27.736000,7,0,0,0,0,2,27,1,1,1,0.45
DrZevia_subset,com.android.chrome,2018-08-04,2018-08-04 00:17:30.121000-07:00,2018-08-04 00:21:00-07:00,00:17:30.121000,00:21:00.000000,7,0,0,0,0,2,209,0,0,0,3.4833333333333334
DrZevia_subset,com.android.chrome,2018-08-04,2018-08-04 00:21:00-07:00,2018-08-04 00:21:01.705000-07:00,00:21:00.000000,00:21:01.705000,7,0,0,0,0,2,1,0,0,0,0.016666666666666666
DrZevia_subset,com.android.chrome,2018-08-04,2018-08-04 00:21:28.544000-07:00,2018-08-04 00:22:11.504000-07:00,00:21:28.544000,00:22:11.504000,7,0,0,0,0,2,42,0,0,0,0.7
DrZevia_subset,com.Slack,2018-08-04,2018-08-04 00:23:52.113000-07:00,2018-08-04 00:24:43.713000-07:00,00:23:52.113000,00:24:43.713000,7,0,0,0,0,2,51,1,0,1,0.85
DrZevia_subset,com.twitter.android,2018-08-04,2018-08-04 08:05:40.619000-07:00,2018-08-04 08:05:54.633000-07:00,08:05:40.619000,08:05:54.633000,7,0,0,0,8,1,14,1,1,1,0.23333333333333334
DrZevia_subset,com.twitter.android,2018-08-04,2018-08-04 08:05:54.637000-07:00,2018-08-04 08:05:56.086000-07:00,08:05:54.637000,08:05:56.086000,7,0,0,0,8,1,1,0,0,0,0.016666666666666666
DrZevia_subset,com.android.chrome,2018-08-04,2018-08-04 08:08:09.571000-07:00,2018-08-04 08:08:15.354000-07:00,08:08:09.571000,08:08:15.354000,7,0,0,0,8,1,5,1,0,1,0.08333333333333333
DrZevia_subset,com.android.chrome,2018-08-04,2018-08-04 08:42:29.628000-07:00,2018-08-04 08:42:37.536000-07:00,08:42:29.628000,08:42:37.536000,7,0,0,0,8,3,7,1,1,0,0.11666666666666667
DrZevia_subset,com.android.chrome,2018-08-04,2018-08-04 08:42:40.632000-07:00,2018-08-04 08:43:44.167000-07:00,08:42:40.632000,08:43:44.167000,7,0,0,0,8,3,63,0,0,0,1.05
DrZevia_subset,com.android.chrome,2018-08-04,2018-08-04 08:44:42.049000-07:00,2018-08-04 08:46:55.245000-07:00,08:44:42.049000,08:46:55.245000,7,0,0,0,8,3,133,0,0,0,2.216666666666667
DrZevia_subset,com.android.settings,2018-08-04,2018-08-04 08:58:55.707000-07:00,2018-08-04 08:58:57.601000-07:00,08:58:55.707000,08:58:57.601000,7,0,0,0,8,4,1,1,1,1,0.016666666666666666
DrZevia_subset,com.android.vending,2018-08-04,2018-08-04 08:59:57.462000-07:00,2018-08-04 09:01:04.387000-07:00,08:59:57.462000,09:01:04.387000,7,0,0,0,8,4,66,0,0,1,1.1
DrZevia_subset,com.android.vending,2018-08-04,2018-08-04 09:01:04.396000-07:00,2018-08-04 09:02:18.566000-07:00,09:01:04.396000,09:02:18.566000,7,0,0,0,9,1,74,0,0,0,1.2333333333333334
DrZevia_subset,com.android.chrome,2018-08-04,2018-08-04 09:07:33.133000-07:00,2018-08-04 09:08:04.643000-07:00,09:07:33.133000,09:08:04.643000,7,0,0,0,9,1,31,1,1,1,0.5166666666666667
DrZevia_subset,com.android.vending,2018-08-04,2018-08-04 09:10:16.346000-07:00,2018-08-04 09:10:30-07:00,09:10:16.346000,09:10:30.000000,7,0,0,0,9,1,13,1,0,1,0.21666666666666667
DrZevia_subset,com.android.vending,2018-08-04,2018-08-04 09:10:30-07:00,2018-08-04 09:11:01.599000-07:00,09:10:30.000000,09:11:01.599000,7,0,0,0,9,1,31,0,0,0,0.5166666666666667
DrZevia_subset,com.android.vending,2018-08-04,2018-08-04 09:11:01.609000-07:00,2018-08-04 09:11:03.576000-07:00,09:11:01.609000,09:11:03.576000,7,0,0,0,9,1,1,0,0,0,0.016666666666666666
DrZevia_subset,com.android.systemui,2018-08-04,2018-08-04 09:52:49.428000-07:00,2018-08-04 09:52:51.024000-07:00,09:52:49.428000,09:52:51.024000,7,0,0,0,9,4,1,1,1,1,0.016666666666666666
DrZevia_subset,com.facebook.katana,2018-08-04,2018-08-04 10:22:19.062000-07:00,2018-08-04 10:23:28.900000-07:00,10:22:19.062000,10:23:28.900000,7,0,0,0,10,2,69,1,1,1,1.15
DrZevia_subset,com.facebook.orca,2018-08-04,2018-08-04 10:29:56.710000-07:00,2018-08-04 10:30:13.845000-07:00,10:29:56.710000,10:30:13.845000,7,0,0,0,10,2,17,1,1,1,0.2833333333333333
DrZevia_subset,com.facebook.katana,2018-08-04,2018-08-04 10:30:13.862000-07:00,2018-08-04 10:31:12.339000-07:00,10:30:13.862000,10:31:12.339000,7,0,0,0,10,3,58,0,0,1,0.9666666666666667
DrZevia_subset,com.android.chrome,2018-08-04,2018-08-04 10:31:27.614000-07:00,2018-08-04 10:31:30-07:00,10:31:27.614000,10:31:30.000000,7,0,0,0,10,3,2,0,0,1,0.03333333333333333
DrZevia_subset,com.android.chrome,2018-08-04,2018-08-04 10:31:30-07:00,2018-08-04 10:31:41.434000-07:00,10:31:30.000000,10:31:41.434000,7,0,0,0,10,3,11,0,0,0,0.18333333333333332
DrZevia_subset,com.android.chrome,2018-08-04,2018-08-04 10:33:29.930000-07:00,2018-08-04 10:33:30.962000-07:00,10:33:29.930000,10:33:30.962000,7,0,0,0,10,3,1,1,0,0,0.016666666666666666
DrZevia_subset,com.facebook.katana,2018-08-04,2018-08-04 10:48:34.255000-07:00,2018-08-04 10:48:40.198000-07:00,10:48:34.255000,10:48:40.198000,7,0,0,0,10,4,5,1,1,1,0.08333333333333333
DrZevia_subset,com.facebook.katana,2018-08-04,2018-08-04 10:48:40.217000-07:00,2018-08-04 10:48:49.277000-07:00,10:48:40.217000,10:48:49.277000,7,0,0,0,10,4,9,0,0,0,0.15
DrZevia_subset,com.facebook.katana,2018-08-04,2018-08-04 10:48:49.287000-07:00,2018-08-04 10:49:02.254000-07:00,10:48:49.287000,10:49:02.254000,7,0,0,0,10,4,12,0,0,0,0.2
DrZevia_subset,com.android.chrome,2018-08-04,2018-08-04 10:49:12.203000-07:00,2018-08-04 10:51:26.332000-07:00,10:49:12.203000,10:51:26.332000,7,0,0,0,10,4,134,0,0,1,2.2333333333333334
DrZevia_subset,com.android.chrome,2018-08-04,2018-08-04 10:51:45.296000-07:00,2018-08-04 10:52:30-07:00,10:51:45.296000,10:52:30.000000,7,0,0,0,10,4,44,0,0,0,0.7333333333333333
DrZevia_subset,com.android.chrome,2018-08-04,2018-08-04 10:52:30-07:00,2018-08-04 10:54:05.233000-07:00,10:52:30.000000,10:54:05.233000,7,0,0,0,10,4,95,0,0,0,1.5833333333333333
DrZevia_subset,com.android.chrome,2018-08-04,2018-08-04 10:54:09.621000-07:00,2018-08-04 10:55:18.137000-07:00,10:54:09.621000,10:55:18.137000,7,0,0,0,10,4,68,0,0,0,1.1333333333333333
DrZevia_subset,com.android.chrome,2018-08-04,2018-08-04 11:34:20.605000-07:00,2018-08-04 11:35:07.571000-07:00,11:34:20.605000,11:35:07.571000,7,0,0,0,11,3,46,1,1,0,0.7666666666666667
DrZevia_subset,com.android.chrome,2018-08-04,2018-08-04 11:36:32.562000-07:00,2018-08-04 11:38:27.701000-07:00,11:36:32.562000,11:38:27.701000,7,0,0,0,11,3,115,1,0,0,1.9166666666666667
DrZevia_subset,com.android.chrome,2018-08-04,2018-08-04 11:38:56.358000-07:00,2018-08-04 11:39:08.329000-07:00,11:38:56.358000,11:39:08.329000,7,0,0,0,11,3,11,0,0,0,0.18333333333333332
DrZevia_subset,com.android.chrome,2018-08-04,2018-08-04 11:42:49.967000-07:00,2018-08-04 11:43:00.093000-07:00,11:42:49.967000,11:43:00.093000,7,0,0,0,11,3,10,1,0,0,0.16666666666666666
DrZevia_subset,com.android.chrome,2018-08-04,2018-08-04 11:43:09.310000-07:00,2018-08-04 11:43:12.920000-07:00,11:43:09.310000,11:43:12.920000,7,0,0,0,11,3,3,0,0,0,0.05
DrZevia_subset,com.android.chrome,2018-08-04,2018-08-04 11:43:22.646000-07:00,2018-08-04 11:43:26.194000-07:00,11:43:22.646000,11:43:26.194000,7,0,0,0,11,3,3,0,0,0,0.05
DrZevia_subset,com.android.chrome,2018-08-04,2018-08-04 11:44:29.236000-07:00,2018-08-04 11:45:14.545000-07:00,11:44:29.236000,11:45:14.545000,7,0,0,0,11,3,45,1,0,0,0.75
DrZevia_subset,com.android.chrome,2018-08-04,2018-08-04 11:45:31.654000-07:00,2018-08-04 11:45:42.101000-07:00,11:45:31.654000,11:45:42.101000,7,0,0,0,11,4,10,0,0,0,0.16666666666666666
DrZevia_subset,com.android.chrome,2018-08-04,2018-08-04 11:49:19.973000-07:00,2018-08-04 11:50:28.950000-07:00,11:49:19.973000,11:50:28.950000,7,0,0,0,11,4,68,1,0,0,1.1333333333333333
DrZevia_subset,com.android.chrome,2018-08-04,2018-08-04 11:53:24.806000-07:00,2018-08-04 11:53:26.029000-07:00,11:53:24.806000,11:53:26.029000,7,0,0,0,11,4,1,1,0,0,0.016666666666666666
DrZevia_subset,com.android.chrome,2018-08-04,2018-08-04 11:53:30.400000-07:00,2018-08-04 11:53:31.956000-07:00,11:53:30.400000,11:53:31.956000,7,0,0,0,11,4,1,0,0,0,0.016666666666666666
DrZevia_subset,com.android.chrome,2018-08-04,2018-08-04 11:55:21.702000-07:00,2018-08-04 11:57:28.836000-07:00,11:55:21.702000,11:57:28.836000,7,0,0,0,11,4,127,1,0,0,2.1166666666666667
DrZevia_subset,com.android.settings,2018-08-04,2018-08-04 12:17:43.292000-07:00,2018-08-04 12:17:46.497000-07:00,12:17:43.292000,12:17:46.497000,7,0,0,0,12,2,3,1,1,1,0.05
DrZevia_subset,com.android.settings,2018-08-04,2018-08-04 12:17:47.489000-07:00,2018-08-04 12:18:04.364000-07:00,12:17:47.489000,12:18:04.364000,7,0,0,0,12,2,16,0,0,0,0.26666666666666666
DrZevia_subset,com.android.settings,2018-08-04,2018-08-04 12:18:05.531000-07:00,2018-08-04 12:18:07.954000-07:00,12:18:05.531000,12:18:07.954000,7,0,0,0,12,2,2,0,0,0,0.03333333333333333
DrZevia_subset,com.android.settings,2018-08-04,2018-08-04 12:18:07.965000-07:00,2018-08-04 12:18:23.758000-07:00,12:18:07.965000,12:18:23.758000,7,0,0,0,12,2,15,0,0,0,0.25
DrZevia_subset,com.facebook.orca,2018-08-04,2018-08-04 12:19:46.270000-07:00,2018-08-04 12:20:00.734000-07:00,12:19:46.270000,12:20:00.734000,7,0,0,0,12,2,14,1,0,1,0.23333333333333334
DrZevia_subset,com.facebook.orca,2018-08-04,2018-08-04 12:40:07.141000-07:00,2018-08-04 12:40:19.673000-07:00,12:40:07.141000,12:40:19.673000,7,0,0,0,12,3,12,1,1,0,0.2
DrZevia_subset,com.android.chrome,2018-08-04,2018-08-04 12:41:18.568000-07:00,2018-08-04 12:41:28.544000-07:00,12:41:18.568000,12:41:28.544000,7,0,0,0,12,3,9,0,0,1,0.15
DrZevia_subset,com.android.chrome,2018-08-04,2018-08-04 12:41:52.045000-07:00,2018-08-04 12:42:00-07:00,12:41:52.045000,12:42:00.000000,7,0,0,0,12,3,7,0,0,0,0.11666666666666667
DrZevia_subset,com.android.chrome,2018-08-04,2018-08-04 12:42:00-07:00,2018-08-04 12:42:23.623000-07:00,12:42:00.000000,12:42:23.623000,7,0,0,0,12,3,23,0,0,0,0.38333333333333336
DrZevia_subset,com.facebook.orca,2018-08-04,2018-08-04 12:54:34.295000-07:00,2018-08-04 12:54:57.475000-07:00,12:54:34.295000,12:54:57.475000,7,0,0,0,12,4,23,1,1,1,0.38333333333333336
DrZevia_subset,com.android.chrome,2018-08-04,2018-08-04 14:49:20.340000-07:00,2018-08-04 14:52:24.604000-07:00,14:49:20.340000,14:52:24.604000,7,0,0,0,14,4,184,1,1,1,3.066666666666667
DrZevia_subset,com.facebook.orca,2018-08-04,2018-08-04 15:05:11.269000-07:00,2018-08-04 15:05:12.873000-07:00,15:05:11.269000,15:05:12.873000,7,0,0,0,15,1,1,1,1,1,0.016666666666666666
DrZevia_subset,com.facebook.orca,2018-08-04,2018-08-04 15:05:12.886000-07:00,2018-08-04 15:05:14.271000-07:00,15:05:12.886000,15:05:14.271000,7,0,0,0,15,1,1,0,0,0,0.016666666666666666
DrZevia_subset,com.facebook.orca,2018-08-04,2018-08-04 15:05:14.289000-07:00,2018-08-04 15:05:23.682000-07:00,15:05:14.289000,15:05:23.682000,7,0,0,0,15,1,9,0,0,0,0.15
DrZevia_subset,com.android.chrome,2018-08-04,2018-08-04 15:12:10.666000-07:00,2018-08-04 15:12:31.919000-07:00,15:12:10.666000,15:12:31.919000,7,0,0,0,15,1,21,1,1,1,0.35
DrZevia_subset,com.android.chrome,2018-08-04,2018-08-04 15:12:37.698000-07:00,2018-08-04 15:13:26.947000-07:00,15:12:37.698000,15:13:26.947000,7,0,0,0,15,1,49,0,0,0,0.8166666666666667
DrZevia_subset,com.android.chrome,2018-08-04,2018-08-04 15:15:34.629000-07:00,2018-08-04 15:15:35.918000-07:00,15:15:34.629000,15:15:35.918000,7,0,0,0,15,2,1,1,0,0,0.016666666666666666
DrZevia_subset,com.android.chrome,2018-08-04,2018-08-04 21:03:05.665000-07:00,2018-08-04 21:03:38.938000-07:00,21:03:05.665000,21:03:38.938000,7,0,0,0,21,1,33,1,1,0,0.55
DrZevia_subset,com.android.chrome,2018-08-04,2018-08-04 21:04:10.885000-07:00,2018-08-04 21:07:48.418000-07:00,21:04:10.885000,21:07:48.418000,7,0,0,0,21,1,217,0,0,0,3.6166666666666667
DrZevia_subset,com.android.chrome,2018-08-04,2018-08-04 21:07:51.603000-07:00,2018-08-04 21:07:58.800000-07:00,21:07:51.603000,21:07:58.800000,7,0,0,0,21,1,7,0,0,0,0.11666666666666667
DrZevia_subset,com.twitter.android,2018-08-04,2018-08-04 21:57:55.091000-07:00,2018-08-04 21:57:58.926000-07:00,21:57:55.091000,21:57:58.926000,7,0,0,0,21,4,3,1,1,1,0.05
DrZevia_subset,com.twitter.android,2018-08-04,2018-08-04 21:57:58.938000-07:00,2018-08-04 21:58:02.885000-07:00,21:57:58.938000,21:58:02.885000,7,0,0,0,21,4,3,0,0,0,0.05
DrZevia_subset,com.android.chrome,2018-08-04,2018-08-04 22:09:34.837000-07:00,2018-08-04 22:10:30-07:00,22:09:34.837000,22:10:30.000000,7,0,0,0,22,1,55,1,1,1,0.9166666666666666
DrZevia_subset,com.android.chrome,2018-08-04,2018-08-04 22:12:36.991000-07:00,2018-08-04 22:12:38.795000-07:00,22:12:36.991000,22:12:38.795000,7,0,0,0,22,1,1,1,0,0,0.016666666666666666
DrZevia_subset,com.android.chrome,2018-08-04,2018-08-04 23:21:27.060000-07:00,2018-08-04 23:21:31.674000-07:00,23:21:27.060000,23:21:31.674000,7,0,0,0,23,2,4,1,1,0,0.06666666666666667
DrZevia_subset,com.android.chrome,2018-08-05,2018-08-05 00:34:42.016000-07:00,2018-08-05 00:36:43.422000-07:00,00:34:42.016000,00:36:43.422000,1,0,0,1,0,3,121,1,1,0,2.0166666666666666
DrZevia_subset,com.android.chrome,2018-08-05,2018-08-05 00:37:01.086000-07:00,2018-08-05 00:37:12.883000-07:00,00:37:01.086000,00:37:12.883000,1,0,0,1,0,3,11,0,0,0,0.18333333333333332
DrZevia_subset,com.android.chrome,2018-08-05,2018-08-05 00:37:27.541000-07:00,2018-08-05 00:38:43.578000-07:00,00:37:27.541000,00:38:43.578000,1,0,0,1,0,3,76,0,0,0,1.2666666666666666
DrZevia_subset,com.android.chrome,2018-08-05,2018-08-05 00:44:25.615000-07:00,2018-08-05 00:47:28.234000-07:00,00:44:25.615000,00:47:28.234000,1,0,0,1,0,3,182,1,1,0,3.033333333333333
DrZevia_subset,com.android.chrome,2018-08-05,2018-08-05 00:47:30.242000-07:00,2018-08-05 00:47:31.417000-07:00,00:47:30.242000,00:47:31.417000,1,0,0,1,0,4,1,0,0,0,0.016666666666666666
DrZevia_subset,com.android.chrome,2018-08-05,2018-08-05 00:48:17.468000-07:00,2018-08-05 00:48:59.104000-07:00,00:48:17.468000,00:48:59.104000,1,0,0,1,0,4,41,0,0,0,0.6833333333333333
DrZevia_subset,com.android.chrome,2018-08-05,2018-08-05 00:48:59.204000-07:00,2018-08-05 00:49:00.281000-07:00,00:48:59.204000,00:49:00.281000,1,0,0,1,0,4,1,0,0,0,0.016666666666666666
DrZevia_subset,com.android.chrome,2018-08-05,2018-08-05 00:49:00.497000-07:00,2018-08-05 00:49:05.948000-07:00,00:49:00.497000,00:49:05.948000,1,0,0,1,0,4,5,0,0,0,0.08333333333333333
DrZevia_subset,com.android.chrome,2018-08-05,2018-08-05 00:49:06.020000-07:00,2018-08-05 00:49:07.638000-07:00,00:49:06.020000,00:49:07.638000,1,0,0,1,0,4,1,0,0,0,0.016666666666666666
DrZevia_subset,com.android.chrome,2018-08-05,2018-08-05 00:49:07.827000-07:00,2018-08-05 00:49:57.584000-07:00,00:49:07.827000,00:49:57.584000,1,0,0,1,0,4,49,0,0,0,0.8166666666666667
DrZevia_subset,com.android.chrome,2018-08-05,2018-08-05 00:57:09.896000-07:00,2018-08-05 00:57:16.405000-07:00,00:57:09.896000,00:57:16.405000,1,0,0,1,0,4,6,1,1,0,0.1
DrZevia_subset,com.android.settings,2018-08-05,2018-08-05 12:01:43.229000-07:00,2018-08-05 12:01:44.261000-07:00,12:01:43.229000,12:01:44.261000,1,0,0,1,12,1,1,1,1,1,0.016666666666666666
DrZevia_subset,com.android.settings,2018-08-05,2018-08-05 12:19:35.443000-07:00,2018-08-05 12:19:38.007000-07:00,12:19:35.443000,12:19:38.007000,1,0,0,1,12,2,2,1,1,0,0.03333333333333333
DrZevia_subset,com.android.settings,2018-08-05,2018-08-05 12:19:38.023000-07:00,2018-08-05 12:19:40.625000-07:00,12:19:38.023000,12:19:40.625000,1,0,0,1,12,2,2,0,0,0,0.03333333333333333
DrZevia_subset,com.android.settings,2018-08-05,2018-08-05 12:19:40.639000-07:00,2018-08-05 12:19:47.849000-07:00,12:19:40.639000,12:19:47.849000,1,0,0,1,12,2,7,0,0,0,0.11666666666666667
DrZevia_subset,com.android.settings,2018-08-05,2018-08-05 12:19:47.856000-07:00,2018-08-05 12:20:24.054000-07:00,12:19:47.856000,12:20:24.054000,1,0,0,1,12,2,36,0,0,0,0.6
DrZevia_subset,com.android.chrome,2018-08-05,2018-08-05 12:58:27.259000-07:00,2018-08-05 12:58:31.511000-07:00,12:58:27.259000,12:58:31.511000,1,0,0,1,12,4,4,1,1,1,0.06666666666666667
DrZevia_subset,com.android.settings,2018-08-05,2018-08-05 13:02:13.200000-07:00,2018-08-05 13:02:15.443000-07:00,13:02:13.200000,13:02:15.443000,1,0,0,1,13,1,2,1,0,1,0.03333333333333333
DrZevia_subset,com.android.settings,2018-08-05,2018-08-05 13:02:15.456000-07:00,2018-08-05 13:02:17.414000-07:00,13:02:15.456000,13:02:17.414000,1,0,0,1,13,1,1,0,0,0,0.016666666666666666
DrZevia_subset,com.android.settings,2018-08-05,2018-08-05 13:02:17.433000-07:00,2018-08-05 13:02:29.627000-07:00,13:02:17.433000,13:02:29.627000,1,0,0,1,13,1,12,0,0,0,0.2
DrZevia_subset,com.android.chrome,2018-08-05,2018-08-05 13:43:32.370000-07:00,2018-08-05 13:44:32.814000-07:00,13:43:32.370000,13:44:32.814000,1,0,0,1,13,3,60,1,1,1,1.0
DrZevia_subset,com.netflix.mediaclient,2018-08-05,2018-08-05 13:51:39.178000-07:00,2018-08-05 13:51:40.788000-07:00,13:51:39.178000,13:51:40.788000,1,0,0,1,13,4,1,1,1,1,0.016666666666666666
DrZevia_subset,com.netflix.mediaclient,2018-08-05,2018-08-05 13:51:40.811000-07:00,2018-08-05 13:51:43.829000-07:00,13:51:40.811000,13:51:43.829000,1,0,0,1,13,4,3,0,0,0,0.05
DrZevia_subset,com.netflix.mediaclient,2018-08-05,2018-08-05 13:51:43.839000-07:00,2018-08-05 13:52:01.968000-07:00,13:51:43.839000,13:52:01.968000,1,0,0,1,13,4,18,0,0,0,0.3
DrZevia_subset,com.android.chrome,2018-08-05,2018-08-05 14:44:08.761000-07:00,2018-08-05 14:44:20.847000-07:00,14:44:08.761000,14:44:20.847000,1,0,0,1,14,3,12,1,1,1,0.2
DrZevia_subset,com.instagram.android,2018-08-05,2018-08-05 16:36:58.966000-07:00,2018-08-05 16:37:20.995000-07:00,16:36:58.966000,16:37:20.995000,1,0,0,1,16,3,22,1,1,1,0.36666666666666664
DrZevia_subset,com.android.chrome,2018-08-05,2018-08-05 17:38:35.014000-07:00,2018-08-05 17:38:53.429000-07:00,17:38:35.014000,17:38:53.429000,1,0,0,1,17,3,18,1,1,1,0.3
DrZevia_subset,com.android.chrome,2018-08-05,2018-08-05 20:18:22.249000-07:00,2018-08-05 20:19:22.575000-07:00,20:18:22.249000,20:19:22.575000,1,0,0,1,20,2,60,1,1,0,1.0
DrZevia_subset,com.facebook.katana,2018-08-05,2018-08-05 20:28:30.921000-07:00,2018-08-05 20:28:42.558000-07:00,20:28:30.921000,20:28:42.558000,1,0,0,1,20,2,11,1,1,1,0.18333333333333332
DrZevia_subset,com.facebook.katana,2018-08-05,2018-08-05 20:28:42.597000-07:00,2018-08-05 20:28:45.766000-07:00,20:28:42.597000,20:28:45.766000,1,0,0,1,20,2,3,0,0,0,0.05
DrZevia_subset,com.facebook.katana,2018-08-05,2018-08-05 20:28:45.783000-07:00,2018-08-05 20:29:05.128000-07:00,20:28:45.783000,20:29:05.128000,1,0,0,1,20,2,19,0,0,0,0.31666666666666665
DrZevia_subset,com.android.chrome,2018-08-05,2018-08-05 20:32:50.211000-07:00,2018-08-05 20:32:52.521000-07:00,20:32:50.211000,20:32:52.521000,1,0,0,1,20,3,2,1,0,1,0.03333333333333333
DrZevia_subset,com.android.chrome,2018-08-05,2018-08-05 20:33:15.600000-07:00,2018-08-05 20:33:46.185000-07:00,20:33:15.600000,20:33:46.185000,1,0,0,1,20,3,30,0,0,0,0.5
DrZevia_subset,com.android.chrome,2018-08-05,2018-08-05 20:34:29.758000-07:00,2018-08-05 20:36:12.394000-07:00,20:34:29.758000,20:36:12.394000,1,0,0,1,20,3,102,0,0,0,1.7
DrZevia_subset,com.android.chrome,2018-08-05,2018-08-05 20:44:11.413000-07:00,2018-08-05 20:44:28.260000-07:00,20:44:11.413000,20:44:28.260000,1,0,0,1,20,3,16,1,1,0,0.26666666666666666
DrZevia_subset,com.android.chrome,2018-08-05,2018-08-05 20:44:28.302000-07:00,2018-08-05 20:44:32.632000-07:00,20:44:28.302000,20:44:32.632000,1,0,0,1,20,3,4,0,0,0,0.06666666666666667
DrZevia_subset,com.facebook.katana,2018-08-05,2018-08-05 22:25:22.476000-07:00,2018-08-05 22:25:24.786000-07:00,22:25:22.476000,22:25:24.786000,1,0,0,1,22,2,2,1,1,1,0.03333333333333333
DrZevia_subset,com.android.chrome,2018-08-05,2018-08-05 22:52:17.872000-07:00,2018-08-05 22:52:30-07:00,22:52:17.872000,22:52:30.000000,1,0,0,1,22,4,12,1,1,1,0.2
DrZevia_subset,com.android.chrome,2018-08-05,2018-08-05 22:52:30-07:00,2018-08-05 22:52:51.382000-07:00,22:52:30.000000,22:52:51.382000,1,0,0,1,22,4,21,0,0,0,0.35
DrZevia_subset,com.android.chrome,2018-08-06,2018-08-06 00:54:14.399000-07:00,2018-08-06 00:54:16.151000-07:00,00:54:14.399000,00:54:16.151000,2,1,1,1,0,4,1,1,1,0,0.016666666666666666
